user_id,recipe_id,rating
1,104,5
1,4,5
1,65,4
1,157,4
1,192,4
1,159,5
1,168,5
1,102,4
1,92,5
1,157,5
1,79,5
2,109,5
2,22,4
2,71,4
2,5,4
2,33,2
2,170,5
2,182,4
3,97,1
3,139,4
3,103,4
3,160,2
3,158,5
3,150,5
3,166,4
3,26,4
4,190,3
4,81,5
4,136,4
4,197,4
4,191,4
4,105,5
4,39,4
4,178,4
4,32,5
4,18,4
5,179,4
5,55,5
5,183,5
5,113,4
5,200,3
5,79,4
5,91,5
5,150,2
5,22,4
5,2,4
6,141,4
6,174,4
6,27,5
6,131,4
6,162,5
6,67,4
6,70,4
6,74,4
7,152,1
7,77,5
7,171,5
7,106,3
7,139,4
7,134,5
7,145,1
7,180,4
7,161,1
7,69,4
8,91,4
8,158,5
8,197,5
8,192,4
8,118,4
8,180,4
8,93,4
8,3,5
8,127,4
8,166,4
8,53,3
8,41,1
9,183,4
9,89,5
9,147,5
9,50,5
9,166,5
9,170,5
9,39,5
9,147,5
9,19,5
9,140,3
9,71,2
9,143,5
10,187,1
10,87,5
10,122,5
10,24,4
10,121,5
10,8,4
11,37,5
11,181,5
11,102,4
11,199,5
11,55,5
11,191,3
11,176,5
11,80,1
11,107,4
11,136,5
11,33,4
12,50,4
12,114,5
12,88,4
12,161,3
12,54,4
12,49,4
12,66,4
12,169,4
12,59,3
13,79,5
13,79,5
13,105,5
13,182,4
13,117,4
13,27,4
13,48,5
13,17,1
13,193,4
13,28,5
14,166,5
14,81,5
14,142,5
14,186,4
14,91,5
14,169,3
14,162,4
14,27,4
14,98,4
14,69,5
14,103,3
15,69,2
15,181,4
15,178,4
15,39,5
15,96,5
15,190,5
15,52,4
15,64,4
15,200,4
16,150,5
16,163,5
16,144,4
16,57,5
16,114,4
16,168,4
16,108,4
16,139,4
16,96,4
16,196,5
16,22,2
16,145,5
16,135,5
16,136,4
16,170,4
16,118,5
16,127,4
17,116,5
17,160,3
17,170,4
17,88,4
17,18,5
17,120,5
17,88,4
17,44,5
17,116,4
18,144,4
18,127,5
18,60,5
18,107,4
18,15,5
18,14,1
18,3,1
18,110,4
18,45,5
18,102,4
18,79,4
19,120,4
19,63,5
19,95,5
19,54,5
19,3,4
19,167,4
19,84,5
19,102,5
19,196,3
19,70,1
19,21,5
20,135,4
20,40,5
20,93,5
20,85,4
20,33,4
20,146,5
20,110,5
20,155,5
20,85,5
20,144,1
20,41,4
20,71,2
21,120,5
21,115,4
21,159,4
21,191,5
21,131,4
21,20,4
21,68,1
21,40,4
21,58,5
21,39,5
21,12,4
21,195,3
22,166,5
22,112,5
22,72,4
22,145,4
22,1,5
22,68,5
22,28,4
22,157,3
22,61,5
22,140,4
22,158,5
23,20,4
23,140,4
23,85,1
23,152,4
24,194,5
24,109,4
24,136,4
24,197,5
24,70,2
24,182,4
24,2,4
24,88,5
24,151,5
24,160,4
25,28,5
25,13,4
25,149,4
25,90,4
25,3,5
25,177,4
25,73,4
25,79,4
25,88,4
25,48,5
25,112,2
26,137,5
26,104,5
26,46,3
26,78,5
26,104,1
26,147,5
26,10,5
26,153,5
26,36,5
26,24,5
26,15,1
26,146,4
26,8,3
26,66,5
27,132,4
27,103,4
27,160,2
27,8,2
27,142,1
27,124,5
27,75,4
27,110,5
27,2,4
27,141,2
28,98,2
28,86,4
28,87,4
28,76,4
28,16,5
28,186,5
28,159,1
28,50,5
29,41,4
29,57,3
29,47,1
29,162,5
29,53,4
29,20,5
29,75,4
29,53,5
29,121,4
29,122,4
29,106,4
29,169,2
29,189,5
29,142,1
29,32,4
29,30,5
29,83,4
29,27,4
29,49,5
29,199,4
30,179,5
30,177,5
30,190,4
30,59,5
30,138,4
30,200,3
30,114,5
30,147,5
30,45,4
30,168,3
30,128,4
30,76,5
30,133,1
30,47,4
30,160,4
30,8,4
30,127,5
31,188,5
31,200,4
31,157,3
31,134,4
31,19,1
31,45,5
31,111,3
31,64,5
31,186,4
31,50,5
31,174,5
31,167,5
32,103,5
32,69,4
32,96,4
32,13,2
32,186,5
32,69,5
32,133,3
32,169,4
32,98,5
32,146,1
32,27,4
32,7,5
32,63,4
33,171,5
33,185,3
33,123,4
33,183,4
33,186,4
33,180,5
33,81,5
33,133,1
33,9,5
33,150,4
33,111,5
33,160,4
33,100,4
34,188,1
34,81,5
34,112,4
34,156,5
34,136,5
34,149,4
34,50,5
34,142,1
35,136,4
35,129,5
35,110,5
35,41,5
35,51,4
35,35,5
35,50,4
35,97,2
35,26,5
35,164,4
35,183,5
35,68,4
35,173,2
35,45,5
35,130,4
35,105,4
35,147,1
36,52,5
36,159,5
36,61,5
36,171,1
36,66,4
36,102,5
36,90,5
36,118,2
36,192,2
36,155,5
36,149,4
36,14,4
36,113,4
37,129,4
37,196,4
37,115,4
37,74,2
37,25,5
37,66,1
37,182,4
37,198,2
37,29,3
37,20,5
37,196,4
37,42,5
37,188,5
37,132,4
38,33,4
38,102,5
38,170,5
38,163,4
38,85,5
38,68,5
38,79,2
38,64,4
38,196,4
38,66,4
38,199,5
38,161,5
38,44,4
38,103,4
38,49,2
38,138,4
38,145,5
39,179,4
39,41,4
39,9,5
39,15,5
39,144,4
39,147,4
39,196,4
39,55,4
39,186,1
39,74,4
39,117,4
39,59,5
39,24,1
39,166,4
39,183,2
39,198,5
39,50,5
39,57,5
39,147,5
40,191,4
40,59,5
40,40,5
40,109,3
40,190,4
40,144,5
40,4,4
40,111,5
40,59,5
40,90,5
40,140,5
40,186,5
40,164,4
40,119,5
40,105,4
40,189,4
41,138,5
41,52,4
41,101,4
41,177,4
41,62,5
41,80,4
41,115,4
41,58,4
41,169,4
41,13,5
41,120,3
41,48,5
41,60,4
41,23,5
41,95,3
41,158,5
41,199,4
42,146,5
42,77,1
42,179,5
42,67,5
42,145,3
42,49,5
42,95,4
42,19,4
42,167,5
42,145,5
42,110,5
43,169,5
43,55,5
43,168,2
43,183,5
43,60,2
43,118,4
43,61,3
43,142,5
43,173,4
43,37,4
44,187,4
44,179,1
44,130,5
44,87,4
44,37,5
44,117,4
44,62,5
44,79,4
44,25,2
44,153,4
44,8,5
44,99,5
44,96,4
44,78,5
44,72,4
45,81,5
45,77,4
45,69,5
45,194,5
45,190,5
45,60,4
45,176,4
45,195,5
45,35,5
45,46,5
46,21,4
46,73,2
46,145,5
46,86,4
46,41,5
46,175,5
46,20,5
46,143,4
46,173,5
46,43,5
46,194,5
46,62,4
46,169,1
46,122,5
46,18,5
46,181,3
46,8,5
47,98,5
47,20,5
47,108,5
47,1,1
47,75,3
47,185,5
47,2,4
48,142,2
48,89,5
48,198,5
48,48,4
48,12,2
48,25,4
48,164,1
48,108,1
48,188,1
48,102,5
48,120,2
48,59,4
48,52,4
49,47,5
49,140,5
49,118,3
49,10,5
49,158,5
49,7,4
49,8,5
49,51,5
49,195,5
49,82,5
49,156,4
49,13,5
50,84,5
50,18,5
50,191,1
50,83,2
50,190,4
50,46,4
50,171,4
50,9,5
50,57,5
50,37,4
50,113,5
50,91,4
50,65,4
50,151,4
51,160,4
51,137,5
51,81,4
51,165,5
51,3,5
51,111,4
51,84,4
51,59,3
51,186,4
51,82,4
51,186,4
52,142,4
52,130,4
52,189,5
52,54,4
52,127,5
52,96,4
52,140,4
52,139,4
52,193,5
52,8,1
52,103,5
53,176,5
53,51,5
53,117,5
53,89,4
53,99,5
53,131,3
53,182,2
53,191,4
53,26,4
53,130,4
53,135,5
54,161,4
54,157,4
54,195,2
54,179,1
54,180,4
54,164,1
54,140,4
54,102,4
54,145,5
54,189,5
54,55,5
54,114,5
54,144,4
54,83,5
55,85,4
55,18,5
55,26,5
55,144,5
55,27,4
55,75,4
55,149,4
55,52,5
55,6,5
55,163,5
55,141,5
55,96,2
55,156,4
55,61,3
56,59,5
56,47,4
56,134,4
56,93,4
56,158,5
56,5,4
56,100,5
56,118,4
56,18,4
56,39,4
56,109,4
56,96,4
57,17,4
57,145,4
57,48,5
57,181,4
57,50,4
57,151,4
57,48,5
57,168,5
57,36,1
57,46,4
57,72,5
57,187,5
57,186,5
57,172,4
57,42,5
57,164,4
57,200,5
57,53,5
58,195,4
58,87,5
58,147,4
58,19,4
58,103,4
59,12,5
59,38,1
59,28,4
59,150,4
59,180,4
59,57,4
59,14,4
59,4,5
59,48,4
59,180,5
59,153,4
59,60,4
59,70,4
60,89,1
60,198,4
60,163,4
60,167,4
60,146,1
60,172,5
60,8,5
60,176,5
61,118,4
61,136,4
61,59,2
61,153,4
61,39,4
61,138,5
61,89,5
61,146,5
61,86,5
61,194,4
61,31,4
62,51,5
62,89,5
62,126,4
62,75,4
62,149,5
62,141,1
62,170,4
62,33,4
62,113,4
62,129,2
62,13,5
62,76,1
62,129,3
62,19,3
62,9,2
62,184,5
62,155,5
62,176,4
62,77,5
62,185,5
63,141,4
63,42,5
63,28,4
63,184,5
63,176,3
63,17,4
63,121,2
63,187,5
63,92,4
63,4,5
64,9,4
64,79,4
64,132,5
64,121,5
64,86,2
64,99,4
64,53,4
64,154,5
64,29,5
64,5,4
64,156,4
65,83,5
65,136,4
65,147,5
65,24,4
65,177,5
65,53,5
65,70,4
65,200,3
65,19,5
65,82,4
65,186,4
65,143,3
65,34,5
65,152,5
66,99,1
66,78,4
66,190,4
66,37,5
66,96,5
66,30,4
66,177,4
66,32,4
66,17,4
66,40,1
66,114,4
66,156,4
67,32,4
67,133,5
67,183,5
67,130,5
67,71,5
67,28,5
67,127,5
67,91,4
67,140,3
68,48,4
68,141,4
68,171,4
68,17,5
68,137,4
68,29,5
68,60,5
68,164,5
68,6,4
68,126,5
68,126,1
68,120,1
68,73,5
68,133,4
68,123,4
69,171,1
69,2,4
69,137,4
69,146,5
69,111,4
69,99,5
69,18,5
69,48,5
69,180,4
69,101,5
69,14,4
69,125,5
69,32,5
69,192,4
70,57,4
70,67,4
70,108,4
70,42,3
70,54,4
70,27,2
70,112,1
70,170,5
70,30,5
70,77,5
70,143,4
70,122,5
71,38,4
71,189,4
71,104,4
71,65,4
71,185,5
71,30,5
71,87,5
71,35,4
71,56,5
72,175,2
72,5,5
72,56,5
72,130,3
72,64,3
72,71,5
72,96,3
72,94,5
72,104,5
72,15,4
72,136,4
72,44,4
72,170,5
72,175,2
72,59,4
72,44,5
72,67,2
73,18,4
73,177,5
73,150,4
73,18,4
73,77,4
73,150,4
73,59,5
73,108,5
73,167,5
73,19,4
73,175,4
73,7,4
73,37,5
73,84,4
73,38,5
73,42,5
73,55,5
73,190,4
74,55,4
74,124,4
74,34,4
74,101,5
74,110,4
74,144,5
74,143,5
74,48,3
74,64,4
74,61,5
74,68,4
75,142,5
75,65,4
75,114,5
75,162,5
75,142,5
75,119,5
75,154,5
75,176,4
75,86,4
75,88,4
75,161,5
75,52,5
76,90,5
76,21,4
76,91,4
76,130,4
76,55,5
76,59,5
76,127,4
76,23,5
76,185,5
76,40,4
76,70,1
77,168,5
77,85,4
77,108,2
77,60,4
77,56,4
77,165,5
77,111,4
77,130,5
77,179,5
77,75,5
77,118,4
77,143,4
77,134,4
77,194,5
77,158,4
77,184,4
77,114,4
77,40,2
77,76,3
77,34,4
78,39,3
78,43,5
78,118,5
78,107,5
78,37,4
78,94,5
78,157,4
78,123,4
78,98,3
78,10,5
78,12,4
78,80,5
78,196,4
78,189,2
78,137,4
78,183,4
78,57,4
79,89,1
79,112,5
79,188,4
79,18,5
79,176,2
79,26,4
79,161,4
79,19,1
79,24,4
79,111,1
79,171,5
79,22,3
79,97,1
79,34,5
80,123,4
80,42,5
80,119,4
80,166,4
80,131,4
80,75,4
81,164,5
81,78,5
81,22,4
81,65,5
81,165,5
81,191,4
81,15,5
81,39,4
81,53,4
81,198,3
81,128,5
82,66,2
82,8,2
82,16,5
82,121,4
82,6,5
82,154,5
82,58,5
82,4,5
82,16,4
82,190,5
82,118,5
82,174,4
82,95,4
82,172,5
83,100,5
83,181,5
83,102,5
83,16,2
83,64,4
83,160,4
83,154,4
83,85,5
83,102,5
83,69,5
83,44,4
83,148,5
83,168,4
83,107,5
83,103,4
84,30,4
84,143,5
84,2,4
84,63,2
84,109,2
84,135,5
84,64,5
84,133,4
84,159,5
84,72,5
84,20,4
84,154,4
84,97,4
84,10,5
84,79,4
84,34,4
84,115,2
84,7,5
85,64,5
85,3,4
85,98,4
85,58,4
85,115,4
85,2,5
85,143,4
85,164,2
85,91,5
85,30,4
85,159,4
85,160,5
85,129,1
85,102,3
85,4,5
85,80,5
85,164,1
85,139,5
85,181,4
86,8,4
86,188,1
86,175,5
86,124,4
86,165,4
86,19,2
86,66,4
86,2,5
86,168,4
86,29,5
86,14,4
86,136,5
86,6,4
87,122,4
87,96,3
87,110,5
87,79,4
87,145,5
87,120,4
87,13,5
88,52,5
88,47,4
88,24,4
88,43,1
88,47,4
88,32,5
88,34,4
88,66,5
88,2,4
88,122,4
88,112,5
89,28,5
89,68,5
89,107,5
89,155,5
89,23,3
89,55,5
89,153,4
89,145,1
89,135,5
89,44,3
90,175,5
90,1,4
90,12,4
90,108,3
90,11,4
90,135,2
90,67,4
90,60,4
90,135,5
90,128,5
90,133,5
90,44,3
90,56,5
90,160,4
90,16,1
90,21,4
91,153,4
91,58,5
91,95,5
91,88,5
91,19,4
91,78,1
91,161,5
91,163,4
91,175,5
91,53,5
91,168,4
92,107,5
92,102,4
92,23,4
92,170,4
92,94,5
92,36,5
92,131,5
92,200,4
92,123,4
92,23,4
92,196,4
92,52,5
93,181,5
93,57,4
93,148,4
93,156,5
93,87,5
93,88,4
93,186,3
93,184,4
93,187,5
93,107,4
93,82,4
93,161,4
93,37,4
94,155,5
94,72,4
94,123,5
94,199,3
94,151,4
94,123,4
94,72,1
94,168,5
94,136,5
94,140,4
94,45,3
94,178,4
94,156,5
95,52,5
95,111,3
95,57,3
95,115,4
95,136,4
95,136,1
95,140,4
96,185,5
96,89,5
96,143,5
96,126,4
96,76,5
96,146,5
96,3,5
96,180,4
96,178,2
96,113,4
96,121,4
96,49,5
96,97,4
96,78,4
97,15,5
97,116,5
97,183,5
97,83,4
97,163,5
97,172,5
97,179,4
97,129,5
97,69,5
97,50,4
97,82,2
97,187,4
97,132,5
98,68,4
98,120,3
98,53,4
98,39,4
98,95,5
98,194,1
98,89,4
98,13,5
98,138,4
98,196,5
98,86,5
99,100,5
99,35,4
99,19,4
99,184,4
99,42,5
99,36,4
99,99,2
99,162,4
99,178,4
99,37,5
99,109,4
99,187,4
99,41,5
100,149,4
100,53,5
100,68,5
100,36,2
100,70,4
100,30,4
100,76,4
100,103,3
100,76,3
100,49,5
100,162,4
100,41,4
100,86,2
100,137,1
100,170,4
100,141,4
100,28,5
100,66,4
101,179,1
101,13,3
101,175,5
101,99,1
101,192,4
101,111,5
101,66,4
101,3,4
101,55,5
101,187,4
101,177,5
101,96,2
101,59,4
101,130,5
101,82,5
101,180,1
102,96,5
102,63,4
102,72,5
102,130,2
102,20,2
102,179,5
102,178,5
102,131,4
102,64,5
102,122,1
102,52,4
102,89,4
102,196,4
103,41,5
103,165,4
103,115,4
103,135,2
103,26,4
103,93,5
103,122,4
103,38,4
103,29,2
103,41,5
103,86,3
103,98,1
103,4,4
103,76,4
103,14,3
103,196,4
103,61,4
104,35,5
104,102,3
104,171,5
104,153,4
104,80,5
104,39,4
104,134,5
104,145,5
104,125,5
104,10,5
104,138,5
104,61,5
104,1,5
105,192,4
105,93,5
105,9,5
105,48,4
105,148,3
105,83,2
105,178,5
105,41,4
105,7,1
105,5,5
105,157,1
106,168,5
106,156,5
106,149,1
106,32,5
106,95,3
106,12,4
106,83,4
106,186,5
107,173,5
107,156,5
107,95,5
107,133,4
107,58,4
107,78,5
107,39,4
107,95,4
107,87,3
107,51,5
107,180,4
107,5,5
108,59,5
108,44,5
108,140,5
108,69,5
108,98,5
108,114,3
108,149,5
108,172,3
108,71,5
108,196,5
109,103,4
109,166,1
109,138,4
109,91,4
109,200,4
109,76,4
109,164,2
109,159,5
109,194,1
109,188,4
109,199,4
109,134,4
109,176,5
110,63,3
110,138,1
110,131,4
110,61,4
110,21,4
110,60,4
110,27,4
110,40,4
110,137,4
110,175,5
110,74,4
110,36,5
111,82,5
111,68,4
111,135,5
111,67,5
111,134,5
111,33,5
111,179,4
111,19,5
111,120,3
111,185,4
112,155,5
112,50,1
112,107,4
112,179,5
112,76,4
112,108,2
112,41,4
112,78,2
112,27,5
112,79,4
113,10,5
113,79,5
113,74,4
113,18,5
113,111,4
113,125,1
113,104,3
113,74,4
113,150,4
113,143,5
113,19,5
113,44,5
113,173,5
114,161,3
114,55,4
114,25,5
114,134,5
114,161,4
114,138,5
114,5,5
115,139,5
115,5,4
115,34,2
115,38,5
115,69,4
115,80,2
115,95,4
115,3,3
115,11,5
115,87,5
115,195,4
115,87,4
115,136,5
116,134,5
116,34,4
116,88,5
116,122,3
116,193,4
116,141,1
117,30,5
117,62,5
117,10,4
117,3,1
117,92,5
117,64,1
117,107,4
117,89,5
117,73,5
117,91,1
117,78,5
118,16,4
118,173,5
118,88,5
118,152,2
118,86,5
118,118,4
118,55,1
118,66,4
118,79,4
118,110,4
118,33,1
118,61,4
119,143,4
119,166,5
119,23,5
119,118,5
119,173,5
119,136,3
119,163,5
119,85,5
119,90,5
119,135,5
119,26,5
119,142,5
119,106,5
119,41,5
119,38,5
119,177,3
119,8,5
119,167,5
120,77,4
120,120,4
120,15,5
120,17,4
120,164,4
120,63,5
120,8,2
120,200,5
120,153,5
120,45,4
120,28,4
120,150,5
120,19,5
120,30,4
121,144,5
121,195,4
121,75,4
121,153,5
121,153,5
121,195,5
121,163,5
121,74,5
121,132,5
121,43,4
121,21,5
121,200,5
121,106,4
121,21,5
121,149,5
121,104,3
122,70,4
122,146,5
122,190,5
122,118,5
122,4,4
122,135,5
122,44,4
122,48,3
122,200,5
122,140,5
122,136,5
122,186,3
122,55,5
122,159,4
123,1,3
123,51,5
123,59,4
123,101,4
123,128,5
123,47,5
123,50,4
123,109,4
123,87,5
124,45,5
124,135,5
124,143,1
124,20,5
124,87,5
124,25,5
124,87,5
124,104,5
124,134,5
124,179,3
125,8,5
125,106,2
125,105,5
125,136,4
125,132,5
125,138,4
125,171,2
125,17,4
125,148,5
125,101,5
126,144,4
126,9,5
126,96,4
126,162,4
126,200,4
126,171,5
126,100,5
126,153,4
126,14,4
126,184,5
126,99,5
127,173,3
127,127,4
127,36,4
127,12,5
127,32,4
127,50,5
127,133,4
127,8,5
127,126,5
127,65,5
127,55,5
128,190,5
128,26,5
128,144,4
128,168,5
128,130,4
128,24,2
128,156,5
128,192,5
128,164,1
128,8,4
128,155,4
128,122,4
128,112,4
128,107,5
128,58,4
129,40,5
129,145,4
129,98,5
129,113,4
129,25,5
129,8,5
129,165,4
129,10,5
129,148,4
129,154,4
129,90,4
129,7,5
129,7,5
129,71,4
130,58,4
130,52,5
130,114,4
130,137,5
130,142,4
130,44,5
130,166,5
130,172,5
130,171,5
130,161,5
130,186,4
130,13,4
131,148,5
131,169,4
131,42,5
131,132,4
131,58,5
131,192,4
131,145,5
131,165,4
131,100,2
131,96,5
131,163,4
131,32,4
131,148,4
131,124,4
131,175,4
131,116,5
131,61,4
131,192,1
132,79,4
132,145,4
132,119,5
132,67,1
132,194,5
132,11,2
132,88,4
132,32,4
132,42,5
132,28,5
132,86,2
132,140,5
132,192,4
132,38,5
132,68,5
133,67,1
133,79,2
133,148,5
133,2,5
133,185,4
133,30,5
133,161,4
133,18,4
133,107,5
133,45,4
133,181,2
133,133,4
134,200,4
134,180,4
134,26,5
134,178,5
134,165,5
134,16,4
134,150,5
134,5,4
134,107,4
134,78,4
134,8,5
134,148,4
134,177,5
134,77,4
135,108,4
135,190,5
135,135,1
135,88,4
135,185,5
135,84,4
135,184,5
135,186,4
136,69,4
136,26,1
136,20,4
136,135,4
136,78,4
136,10,5
136,180,4
136,10,3
136,144,3
136,29,5
136,72,5
136,4,5
137,108,4
137,110,4
137,20,4
137,187,3
137,161,5
137,150,5
137,23,5
137,45,5
137,1,1
137,196,5
137,198,5
137,81,4
137,40,4
137,70,4
137,179,4
138,107,5
138,169,5
138,67,5
138,21,2
138,127,5
138,31,5
138,42,5
138,81,5
138,74,4
138,55,5
138,181,4
138,141,5
138,21,4
138,152,5
139,135,3
139,166,5
139,192,5
139,30,4
139,59,2
139,25,5
139,30,5
139,174,4
139,84,4
139,157,5
139,181,5
139,198,5
139,127,5
140,166,5
140,97,4
140,88,4
140,11,4
140,193,4
140,33,4
140,164,5
140,55,4
140,66,4
141,178,5
141,19,4
141,62,4
141,39,4
141,65,1
141,2,5
141,42,3
141,169,4
141,18,4
141,174,5
141,129,4
141,70,4
141,184,5
142,200,4
142,172,1
142,185,5
142,13,4
142,123,4
142,157,2
142,12,4
142,179,4
143,112,4
143,104,4
143,127,2
143,18,4
143,173,5
144,185,4
144,117,2
144,5,4
144,64,5
144,115,4
144,198,5
144,9,4
144,110,5
144,160,5
144,13,5
144,27,5
144,19,4
145,92,5
145,168,1
145,23,4
145,76,2
145,15,4
145,13,4
145,126,1
145,180,5
145,182,4
145,55,5
145,197,5
145,192,5
145,194,5
145,100,5
145,176,4
145,81,5
145,115,1
145,47,2
145,92,5
145,17,5
145,43,4
146,116,5
146,154,1
146,77,5
146,128,3
146,177,1
146,107,5
146,170,2
146,153,2
146,92,4
146,99,5
146,9,4
147,80,5
147,64,1
147,191,5
147,188,4
147,52,5
147,196,5
147,139,5
147,117,3
147,169,4
147,83,1
147,135,4
147,143,4
148,144,5
148,22,4
148,129,4
148,143,3
148,131,4
148,153,1
148,35,4
148,101,5
148,95,4
148,71,3
148,200,4
149,36,5
149,26,5
149,16,4
149,188,5
149,130,5
149,177,5
149,32,5
149,82,4
149,192,2
149,83,4
149,146,4
150,115,4
150,150,1
150,188,4
150,71,5
150,63,5
150,195,4
150,173,2
150,123,5
150,41,5
150,43,5
150,68,4
150,24,3
150,133,1
150,84,4
151,113,5
151,99,4
151,162,5
151,49,5
151,44,5
151,53,5
151,63,5
151,69,2
151,98,1
151,40,4
151,142,5
151,140,3
152,135,5
152,102,5
152,95,5
152,29,5
152,18,4
152,88,5
152,76,4
152,60,5
152,1,4
153,179,5
153,25,4
153,117,2
153,78,4
153,112,2
153,99,5
153,102,4
153,17,5
153,134,5
153,102,3
153,77,4
153,61,4
153,111,4
154,17,4
154,130,4
154,187,4
154,4,4
154,148,4
154,84,4
154,142,2
154,8,4
154,157,4
154,72,3
154,34,5
155,49,5
155,136,5
155,65,2
155,172,4
155,53,5
155,168,5
155,135,3
155,191,2
156,30,3
156,172,4
156,108,4
156,162,5
156,11,4
156,21,4
156,50,5
156,137,3
156,36,4
157,103,5
157,179,4
157,186,4
157,102,3
157,31,3
157,58,4
157,7,4
157,88,5
157,146,4
158,133,4
158,123,4
158,90,2
158,83,5
158,74,5
158,198,1
158,25,4
158,158,3
158,163,2
158,61,4
158,119,4
158,21,5
159,68,5
159,180,5
159,195,5
159,194,1
159,129,3
159,65,5
159,145,5
159,198,4
159,42,5
159,90,4
159,118,5
159,37,3
160,175,4
160,71,5
160,51,4
160,194,4
160,97,2
160,38,4
160,176,4
160,32,4
161,57,4
161,182,4
161,8,4
161,9,2
161,153,4
161,185,5
161,75,4
161,63,5
161,75,5
161,145,5
161,24,4
161,172,5
162,125,4
162,124,4
162,152,3
162,170,4
162,93,5
162,100,4
162,69,5
162,132,4
162,163,4
162,163,5
162,78,4
163,132,5
163,87,5
163,48,5
163,72,5
163,174,4
163,27,4
163,154,2
163,185,4
164,187,4
164,171,5
164,108,5
164,118,5
164,48,1
164,42,4
164,53,4
164,43,2
164,37,4
164,6,5
164,51,5
164,184,4
164,126,4
164,13,4
164,150,4
165,135,5
165,153,3
165,38,4
165,197,5
165,141,5
165,131,4
165,92,4
165,157,5
165,7,4
165,18,5
165,25,5
165,81,4
165,105,4
165,44,4
165,136,4
166,194,5
166,5,4
166,195,5
166,33,4
166,19,5
166,124,4
166,117,4
166,99,5
166,22,5
166,165,5
166,113,2
166,86,5
166,10,5
167,72,5
167,92,4
167,127,2
167,21,4
167,123,5
167,116,4
167,89,3
167,108,4
167,125,5
167,58,4
167,185,4
168,21,2
168,182,5
168,112,4
168,120,5
168,85,4
168,183,4
168,2,4
168,82,5
168,171,4
168,64,2
168,175,5
168,1,5
168,148,5
168,137,5
168,154,5
168,11,4
168,53,2
169,103,5
169,127,5
169,32,5
169,118,4
169,54,5
169,5,4
169,101,4
169,130,4
169,54,5
169,186,4
169,141,5
169,165,4
170,147,3
170,56,5
170,132,4
170,65,3
170,111,5
170,99,4
170,94,2
170,135,1
170,48,1
170,111,5
170,90,4
170,70,5
170,63,5
170,108,5
170,85,5
170,4,4
170,28,5
170,45,4
170,8,4
170,187,4
170,171,3
171,30,5
171,166,4
171,106,5
171,151,5
171,186,5
171,48,5
171,32,5
171,149,5
171,88,5
171,129,4
172,138,4
172,103,4
172,177,5
172,40,4
172,166,4
172,81,5
172,37,1
172,4,5
172,129,1
173,49,4
173,54,5
173,199,2
173,3,3
173,36,2
173,73,5
173,12,3
173,86,5
173,14,2
173,171,5
173,198,2
173,45,4
174,170,4
174,115,4
174,99,4
174,120,4
174,189,4
174,37,1
174,191,4
174,106,5
174,93,4
174,78,4
174,78,4
175,86,2
175,117,1
175,122,4
175,183,4
175,9,4
175,120,5
175,113,4
175,49,1
175,28,1
175,94,1
175,125,3
175,25,4
176,188,4
176,132,5
176,98,4
176,60,3
176,55,4
176,144,4
176,160,4
176,89,5
177,175,4
177,89,4
177,96,4
177,25,5
177,150,5
177,181,2
177,197,4
177,38,4
177,29,4
177,70,4
177,51,4
177,93,1
177,37,4
177,30,1
177,175,2
177,155,4
178,136,4
178,80,4
178,190,5
178,148,5
178,168,1
178,70,2
178,104,5
178,145,4
178,125,4
178,58,5
179,166,4
179,26,5
179,17,5
179,19,3
179,199,4
179,151,5
179,103,4
180,191,4
180,139,5
180,175,1
180,197,4
180,13,5
180,105,4
180,40,4
180,80,4
180,121,4
181,53,5
181,122,5
181,118,4
181,133,4
181,146,4
181,117,2
181,23,5
182,116,5
182,15,2
182,194,4
182,23,4
182,187,2
182,184,3
182,116,5
182,174,3
183,135,5
183,15,4
183,116,4
183,8,4
183,61,4
183,50,4
183,62,4
183,143,5
183,9,5
183,146,5
183,163,4
183,1,2
183,103,4
184,32,4
184,56,5
184,86,4
184,165,5
184,195,5
184,78,4
184,112,4
184,40,5
184,64,5
184,8,2
184,179,4
184,79,5
185,195,5
185,16,4
185,48,5
185,193,4
185,81,3
185,124,4
185,161,4
185,184,5
185,86,3
186,59,5
186,200,5
186,25,4
186,77,5
186,63,5
186,90,5
186,103,1
186,186,5
186,64,4
186,33,4
186,190,5
186,38,1
186,142,5
187,46,5
187,77,5
187,14,3
187,160,5
187,53,5
187,102,4
187,19,4
187,21,2
187,9,4
187,192,4
187,87,5
187,98,5
187,21,4
187,107,2
187,119,5
187,188,4
187,27,4
187,146,5
188,20,4
188,137,5
188,2,2
188,57,5
188,194,4
188,97,5
188,111,4
189,160,1
189,61,4
189,75,4
189,187,5
189,129,3
189,94,4
189,173,4
189,23,5
189,173,4
190,24,5
190,114,5
190,155,4
190,106,5
190,162,4
190,9,5
190,37,5
190,197,3
190,134,2
190,199,5
190,200,4
190,179,4
190,158,4
190,196,4
190,41,4
190,57,4
190,71,4
191,193,5
191,64,4
191,183,4
191,114,5
191,5,5
191,107,4
191,146,3
191,68,1
191,136,5
191,122,2
192,122,3
192,45,4
192,147,4
192,194,4
192,93,1
192,52,4
192,106,4
192,182,4
193,187,5
193,150,5
193,186,4
193,151,5
193,73,4
193,13,5
193,11,4
193,145,5
193,131,4
193,69,5
194,72,2
194,88,4
194,109,4
194,16,4
194,37,2
194,88,5
194,167,4
194,120,5
194,135,4
194,18,4
195,113,5
195,167,5
195,194,4
195,176,5
195,26,5
195,91,4
195,126,5
195,1,5
195,2,4
195,175,4
195,42,5
195,194,4
195,51,5
195,134,4
196,37,4
196,194,5
196,156,4
196,118,4
196,51,5
196,114,5
196,32,2
196,140,4
196,39,5
196,37,5
196,75,5
196,82,1
196,23,4
196,165,5
196,24,4
196,56,4
197,54,5
197,180,5
197,128,4
197,114,4
197,26,5
197,162,4
197,35,4
197,164,4
197,181,4
197,74,1
198,132,4
198,5,1
198,133,5
198,187,5
198,121,5
198,122,4
198,174,5
198,180,4
198,100,5
198,130,4
198,109,5
198,32,5
198,153,4
198,2,5
198,63,4
198,12,5
199,11,5
199,118,4
199,3,5
199,43,4
199,106,5
199,190,5
199,107,5
199,10,2
199,117,4
199,80,5
199,151,5
199,79,4
199,10,5
199,59,4
199,65,5
199,80,5
200,129,1
200,13,5
200,83,5
200,183,5
200,89,5
200,50,3
200,134,5
200,34,4
200,99,5
200,195,4
200,97,4
200,186,5
200,147,2
200,43,4
200,69,4
201,151,4
201,159,4
201,96,5
201,182,5
201,91,4
201,141,4
201,151,5
201,151,5
201,155,5
201,193,4
201,111,4
201,90,4
202,9,4
202,144,5
202,144,5
202,129,4
202,92,3
202,86,5
202,41,5
202,142,5
202,117,2
202,174,4
202,159,5
202,85,1
203,117,4
203,97,4
203,35,3
203,131,5
203,113,5
203,197,5
203,23,5
203,153,4
203,46,4
204,66,3
204,149,2
204,88,4
204,152,4
204,107,4
204,173,1
204,193,4
204,36,4
204,142,4
204,115,4
205,36,4
205,38,4
205,11,4
205,95,4
205,28,5
205,68,3
205,58,4
205,104,3
205,5,5
205,49,4
205,2,5
205,169,5
205,125,5
205,98,5
205,111,4
205,172,4
205,88,1
206,67,5
206,50,5
206,30,4
206,142,4
206,198,4
206,114,5
206,31,5
206,6,5
206,163,5
206,9,5
206,140,5
206,190,4
207,145,4
207,19,4
207,9,2
207,113,3
207,180,5
207,110,4
207,127,5
207,34,5
207,192,2
208,21,5
208,122,5
208,155,5
208,89,3
208,124,4
208,95,5
208,79,5
208,154,1
208,72,5
208,70,4
208,125,5
208,200,4
208,26,5
208,93,1
208,66,5
208,93,3
208,51,4
208,162,3
208,59,5
209,30,5
209,113,4
209,116,5
209,138,4
209,87,4
209,41,4
209,178,4
209,159,4
209,100,5
209,99,4
210,120,4
210,194,4
210,20,5
210,25,5
210,44,5
211,188,4
211,118,5
211,141,5
211,162,4
211,19,4
211,186,3
211,162,5
211,13,5
211,89,4
211,106,4
212,168,3
212,128,5
212,188,4
212,154,5
212,176,5
212,1,4
212,162,5
212,54,3
212,127,4
212,43,4
212,186,4
212,40,4
213,53,4
213,90,1
213,121,5
213,54,4
213,177,5
213,86,1
213,170,3
213,168,4
214,18,5
214,187,5
214,176,5
214,73,5
214,1,5
214,98,5
214,60,5
214,39,4
214,7,3
214,192,5
214,146,4
215,31,2
215,82,4
215,199,4
215,111,5
215,32,4
215,138,4
215,1,5
216,82,4
216,78,4
216,154,4
216,175,4
216,12,4
216,14,4
216,118,1
216,74,4
216,200,5
216,95,4
217,77,4
217,64,5
217,55,4
217,83,5
217,137,5
217,49,4
217,190,4
217,85,1
217,99,4
217,110,4
217,139,2
217,120,5
217,29,2
217,44,4
217,17,5
218,105,4
218,17,2
218,158,5
218,126,5
218,21,5
218,28,2
218,59,4
218,163,4
218,38,5
218,110,5
219,31,5
219,109,5
219,102,5
219,75,5
219,21,4
219,30,5
219,16,4
219,106,4
219,177,2
219,86,5
219,65,1
220,177,4
220,172,1
220,128,5
220,89,3
220,117,5
220,166,4
220,50,4
220,128,5
221,18,3
221,89,1
221,2,5
221,1,5
221,194,2
221,182,4
221,158,4
221,21,4
221,152,4
221,62,5
221,93,5
221,12,4
221,33,3
221,47,2
221,189,5
222,161,4
222,30,4
222,189,5
222,117,4
222,155,4
222,193,4
222,162,5
222,166,5
222,168,5
222,144,3
222,141,5
223,140,5
223,190,4
223,175,5
223,187,5
223,33,4
223,4,5
224,24,3
224,32,5
224,165,5
224,196,5
224,14,4
224,98,4
224,131,4
224,174,5
224,24,4
224,51,5
224,91,1
224,44,5
224,175,1
225,48,4
225,126,5
225,76,4
225,131,5
225,88,2
225,162,5
225,159,4
225,119,4
225,173,4
225,59,5
226,29,4
226,11,4
226,154,4
226,80,4
226,52,4
226,20,1
226,82,1
226,8,4
227,173,1
227,111,5
227,33,2
227,73,5
227,7,5
227,173,1
227,56,5
227,94,4
227,66,4
227,155,5
227,185,4
227,110,4
227,51,5
228,72,4
228,116,5
228,142,5
228,26,5
228,71,4
228,139,5
229,27,5
229,152,3
229,173,3
229,178,5
229,191,5
229,59,1
229,13,4
229,160,5
229,127,1
229,28,4
229,197,4
229,72,5
229,174,5
229,67,4
229,26,1
230,30,4
230,135,5
230,199,4
230,194,4
230,74,4
230,190,4
230,120,4
230,71,4
230,16,4
230,84,4
230,98,4
231,5,5
231,131,5
231,152,5
231,106,4
231,147,5
231,55,4
231,78,1
231,193,4
231,178,5
232,192,5
232,68,2
232,123,4
232,100,4
232,21,3
232,30,5
232,162,4
232,65,4
232,110,5
232,25,5
232,129,5
232,191,5
233,181,4
233,151,5
233,148,5
233,133,5
233,132,4
233,36,2
233,48,4
233,25,4
233,150,5
233,113,5
233,17,5
234,24,5
234,94,4
234,18,5
234,104,5
234,85,5
234,86,4
234,164,4
234,60,1
234,87,5
234,52,4
234,6,1
234,86,5
234,173,5
234,11,5
234,82,5
234,51,1
234,159,2
234,15,4
234,190,4
234,111,4
235,178,5
235,50,4
235,138,4
235,88,4
235,180,5
235,152,4
235,108,1
235,195,4
235,17,3
235,47,5
235,155,5
235,53,4
235,94,5
235,153,5
235,180,5
235,19,5
236,182,4
236,112,5
236,197,4
236,41,5
236,146,5
236,134,2
236,115,4
236,200,5
236,5,4
236,79,4
237,130,5
237,192,5
237,121,1
237,101,4
237,160,5
237,22,5
237,100,5
237,34,4
237,56,4
237,20,4
237,137,5
237,137,4
237,47,4
237,189,2
237,79,4
237,102,5
237,94,5
238,54,4
238,157,4
238,112,5
238,55,4
238,16,2
238,187,5
238,159,5
238,35,4
238,24,2
238,159,2
238,161,5
238,167,5
239,27,4
239,78,4
239,129,4
239,14,4
239,60,5
239,194,2
239,22,5
239,65,4
239,169,5
239,54,4
239,125,3
239,163,4
239,39,1
239,27,5
239,113,3
240,162,5
240,103,4
240,57,4
240,110,5
240,45,4
240,5,5
240,7,3
240,94,4
240,132,4
240,164,3
240,129,5
240,58,5
240,44,1
241,194,4
241,45,5
241,6,5
241,178,4
241,85,5
241,160,4
241,8,2
241,70,5
241,5,3
241,176,5
241,165,5
241,176,4
242,16,4
242,80,5
242,114,3
242,196,5
242,30,4
242,22,4
242,68,4
242,71,4
242,133,5
242,28,4
242,130,4
242,135,5
242,195,4
242,90,4
242,149,5
243,172,4
243,110,5
243,40,4
243,78,4
243,56,4
243,156,4
243,186,3
243,41,5
243,23,5
243,93,3
243,174,3
243,132,1
243,11,4
243,2,5
243,79,5
243,145,5
244,109,4
244,37,5
244,30,4
244,8,5
244,183,4
244,96,2
244,111,5
244,17,5
244,173,4
244,150,1
244,181,2
244,4,4
245,173,5
245,72,4
245,93,4
245,119,5
245,181,5
245,26,5
245,81,5
245,26,4
245,24,5
245,180,5
246,74,5
246,111,5
246,75,4
246,73,5
246,86,5
246,75,4
246,116,5
246,185,1
246,3,4
246,150,5
246,49,5
246,23,2
246,108,1
246,128,5
246,35,2
247,85,5
247,173,4
247,51,4
247,68,5
247,30,5
247,34,5
247,74,4
248,83,4
248,4,4
248,113,4
248,90,5
248,3,4
248,182,1
248,94,2
248,188,4
248,131,5
248,196,3
248,108,5
248,87,4
249,128,4
249,22,4
249,191,4
249,181,5
249,90,5
249,78,3
249,170,5
249,30,2
249,50,4
249,50,4
249,145,3
249,27,5
250,72,5
250,4,4
250,44,4
250,153,4
250,38,2
250,177,4
250,1,4
250,20,4
250,168,5
250,182,4
250,185,4
250,176,4
